charge,ion_type,start,end,monoisotopic,isotope,loss,parent_sequence,mass,neutral_mass,mz,sequence,unmod_sequence,internal,label,number
1,b,0,18,False,0,0,[164.07]-FDSFGDLSSASAIM[16]GNPK,2007.07194,2006.06466,2007.07194,[164.07]-FDSFGDLSSASAIM[16]GNPK,FDSFGDLSSASAIMGNPK,False,+b18,18
1,b,0,18,False,0,18,[164.07]-FDSFGDLSSASAIM[16]GNPK,2025.07194,2024.06466,2025.07194,[164.07]-FDSFGDLSSASAIM[16]GNPK,FDSFGDLSSASAIMGNPK,False,+b18(18),18
1,b,0,18,False,1,0,[164.07]-FDSFGDLSSASAIM[16]GNPK,2008.0806,2007.07333,2008.0806,[164.07]-FDSFGDLSSASAIM[16]GNPK,FDSFGDLSSASAIMGNPK,False,+b18*,18
1,b,0,18,False,1,18,[164.07]-FDSFGDLSSASAIM[16]GNPK,2026.0806,2025.07333,2026.0806,[164.07]-FDSFGDLSSASAIM[16]GNPK,FDSFGDLSSASAIMGNPK,False,+b18(18)*,18
1,b,0,17,False,0,0,[164.07]-FDSFGDLSSASAIM[16]GNPK,1878.89942,1877.89215,1878.89942,[164.07]-FDSFGDLSSASAIM[16]GNP,FDSFGDLSSASAIMGNP,False,+b17,17
1,b,0,17,False,0,18,[164.07]-FDSFGDLSSASAIM[16]GNPK,1896.89942,1895.89215,1896.89942,[164.07]-FDSFGDLSSASAIM[16]GNP,FDSFGDLSSASAIMGNP,False,+b17(18),17
1,b,0,17,False,1,0,[164.07]-FDSFGDLSSASAIM[16]GNPK,1879.90809,1878.90081,1879.90809,[164.07]-FDSFGDLSSASAIM[16]GNP,FDSFGDLSSASAIMGNP,False,+b17*,17
1,b,0,17,False,1,18,[164.07]-FDSFGDLSSASAIM[16]GNPK,1897.90809,1896.90081,1897.90809,[164.07]-FDSFGDLSSASAIM[16]GNP,FDSFGDLSSASAIMGNP,False,+b17(18)*,17
1,b,0,16,False,0,0,[164.07]-FDSFGDLSSASAIM[16]GNPK,1781.78405,1780.77677,1781.78405,[164.07]-FDSFGDLSSASAIM[16]GN,FDSFGDLSSASAIMGN,False,+b16,16
1,b,0,16,False,0,18,[164.07]-FDSFGDLSSASAIM[16]GNPK,1799.78405,1798.77677,1799.78405,[164.07]-FDSFGDLSSASAIM[16]GN,FDSFGDLSSASAIMGN,False,+b16(18),16
1,b,0,16,False,1,0,[164.07]-FDSFGDLSSASAIM[16]GNPK,1782.79272,1781.78544,1782.79272,[164.07]-FDSFGDLSSASAIM[16]GN,FDSFGDLSSASAIMGN,False,+b16*,16
1,b,0,16,False,1,18,[164.07]-FDSFGDLSSASAIM[16]GNPK,1800.79272,1799.78544,1800.79272,[164.07]-FDSFGDLSSASAIM[16]GN,FDSFGDLSSASAIMGN,False,+b16(18)*,16
1,b,0,15,False,0,0,[164.07]-FDSFGDLSSASAIM[16]GNPK,1667.68125,1666.67397,1667.68125,[164.07]-FDSFGDLSSASAIM[16]G,FDSFGDLSSASAIMG,False,+b15,15
1,b,0,15,False,0,18,[164.07]-FDSFGDLSSASAIM[16]GNPK,1685.68125,1684.67397,1685.68125,[164.07]-FDSFGDLSSASAIM[16]G,FDSFGDLSSASAIMG,False,+b15(18),15
1,b,0,15,False,1,0,[164.07]-FDSFGDLSSASAIM[16]GNPK,1668.68991,1667.68263,1668.68991,[164.07]-FDSFGDLSSASAIM[16]G,FDSFGDLSSASAIMG,False,+b15*,15
1,b,0,15,False,1,18,[164.07]-FDSFGDLSSASAIM[16]GNPK,1686.68991,1685.68263,1686.68991,[164.07]-FDSFGDLSSASAIM[16]G,FDSFGDLSSASAIMG,False,+b15(18)*,15
1,b,0,14,False,0,0,[164.07]-FDSFGDLSSASAIM[16]GNPK,1610.62984,1609.62257,1610.62984,[164.07]-FDSFGDLSSASAIM[16],FDSFGDLSSASAIM,False,+b14,14
1,b,0,14,False,0,18,[164.07]-FDSFGDLSSASAIM[16]GNPK,1628.62984,1627.62257,1628.62984,[164.07]-FDSFGDLSSASAIM[16],FDSFGDLSSASAIM,False,+b14(18),14
1,b,0,14,False,1,0,[164.07]-FDSFGDLSSASAIM[16]GNPK,1611.63851,1610.63123,1611.63851,[164.07]-FDSFGDLSSASAIM[16],FDSFGDLSSASAIM,False,+b14*,14
1,b,0,14,False,1,18,[164.07]-FDSFGDLSSASAIM[16]GNPK,1629.63851,1628.63123,1629.63851,[164.07]-FDSFGDLSSASAIM[16],FDSFGDLSSASAIM,False,+b14(18)*,14
1,b,0,13,False,0,0,[164.07]-FDSFGDLSSASAIM[16]GNPK,1463.4338,1462.42653,1463.4338,[164.07]-FDSFGDLSSASAI,FDSFGDLSSASAI,False,+b13,13
1,b,0,13,False,0,18,[164.07]-FDSFGDLSSASAIM[16]GNPK,1481.4338,1480.42653,1481.4338,[164.07]-FDSFGDLSSASAI,FDSFGDLSSASAI,False,+b13(18),13
1,b,0,13,False,1,0,[164.07]-FDSFGDLSSASAIM[16]GNPK,1464.44247,1463.43519,1464.44247,[164.07]-FDSFGDLSSASAI,FDSFGDLSSASAI,False,+b13*,13
1,b,0,13,False,1,18,[164.07]-FDSFGDLSSASAIM[16]GNPK,1482.44247,1481.43519,1482.44247,[164.07]-FDSFGDLSSASAI,FDSFGDLSSASAI,False,+b13(18)*,13
1,b,0,12,False,0,0,[164.07]-FDSFGDLSSASAIM[16]GNPK,1350.27593,1349.26865,1350.27593,[164.07]-FDSFGDLSSASA,FDSFGDLSSASA,False,+b12,12
1,b,0,12,False,0,18,[164.07]-FDSFGDLSSASAIM[16]GNPK,1368.27593,1367.26865,1368.27593,[164.07]-FDSFGDLSSASA,FDSFGDLSSASA,False,+b12(18),12
1,b,0,12,False,1,0,[164.07]-FDSFGDLSSASAIM[16]GNPK,1351.2846,1350.27732,1351.2846,[164.07]-FDSFGDLSSASA,FDSFGDLSSASA,False,+b12*,12
1,b,0,12,False,1,18,[164.07]-FDSFGDLSSASAIM[16]GNPK,1369.2846,1368.27732,1369.2846,[164.07]-FDSFGDLSSASA,FDSFGDLSSASA,False,+b12(18)*,12
1,b,0,11,False,0,0,[164.07]-FDSFGDLSSASAIM[16]GNPK,1279.19791,1278.19063,1279.19791,[164.07]-FDSFGDLSSAS,FDSFGDLSSAS,False,+b11,11
1,b,0,11,False,0,18,[164.07]-FDSFGDLSSASAIM[16]GNPK,1297.19791,1296.19063,1297.19791,[164.07]-FDSFGDLSSAS,FDSFGDLSSAS,False,+b11(18),11
1,b,0,11,False,1,0,[164.07]-FDSFGDLSSASAIM[16]GNPK,1280.20658,1279.1993,1280.20658,[164.07]-FDSFGDLSSAS,FDSFGDLSSAS,False,+b11*,11
1,b,0,11,False,1,18,[164.07]-FDSFGDLSSASAIM[16]GNPK,1298.20658,1297.1993,1298.20658,[164.07]-FDSFGDLSSAS,FDSFGDLSSAS,False,+b11(18)*,11
1,b,0,10,False,0,0,[164.07]-FDSFGDLSSASAIM[16]GNPK,1192.12049,1191.11321,1192.12049,[164.07]-FDSFGDLSSA,FDSFGDLSSA,False,+b10,10
1,b,0,10,False,0,18,[164.07]-FDSFGDLSSASAIM[16]GNPK,1210.12049,1209.11321,1210.12049,[164.07]-FDSFGDLSSA,FDSFGDLSSA,False,+b10(18),10
1,b,0,10,False,1,0,[164.07]-FDSFGDLSSASAIM[16]GNPK,1193.12915,1192.12187,1193.12915,[164.07]-FDSFGDLSSA,FDSFGDLSSA,False,+b10*,10
1,b,0,10,False,1,18,[164.07]-FDSFGDLSSASAIM[16]GNPK,1211.12915,1210.12187,1211.12915,[164.07]-FDSFGDLSSA,FDSFGDLSSA,False,+b10(18)*,10
1,b,0,9,False,0,0,[164.07]-FDSFGDLSSASAIM[16]GNPK,1121.04247,1120.03519,1121.04247,[164.07]-FDSFGDLSS,FDSFGDLSS,False,+b9,9
1,b,0,9,False,0,18,[164.07]-FDSFGDLSSASAIM[16]GNPK,1139.04247,1138.03519,1139.04247,[164.07]-FDSFGDLSS,FDSFGDLSS,False,+b9(18),9
1,b,0,9,False,1,0,[164.07]-FDSFGDLSSASAIM[16]GNPK,1122.05113,1121.04385,1122.05113,[164.07]-FDSFGDLSS,FDSFGDLSS,False,+b9*,9
1,b,0,9,False,1,18,[164.07]-FDSFGDLSSASAIM[16]GNPK,1140.05113,1139.04385,1140.05113,[164.07]-FDSFGDLSS,FDSFGDLSS,False,+b9(18)*,9
1,b,0,8,False,0,0,[164.07]-FDSFGDLSSASAIM[16]GNPK,1033.96504,1032.95777,1033.96504,[164.07]-FDSFGDLS,FDSFGDLS,False,+b8,8
1,b,0,8,False,0,18,[164.07]-FDSFGDLSSASAIM[16]GNPK,1051.96504,1050.95777,1051.96504,[164.07]-FDSFGDLS,FDSFGDLS,False,+b8(18),8
1,b,0,8,False,1,0,[164.07]-FDSFGDLSSASAIM[16]GNPK,1034.97371,1033.96643,1034.97371,[164.07]-FDSFGDLS,FDSFGDLS,False,+b8*,8
1,b,0,8,False,1,18,[164.07]-FDSFGDLSSASAIM[16]GNPK,1052.97371,1051.96643,1052.97371,[164.07]-FDSFGDLS,FDSFGDLS,False,+b8(18)*,8
1,b,0,7,False,0,0,[164.07]-FDSFGDLSSASAIM[16]GNPK,946.88762,945.88034,946.88762,[164.07]-FDSFGDL,FDSFGDL,False,+b7,7
1,b,0,7,False,0,18,[164.07]-FDSFGDLSSASAIM[16]GNPK,964.88762,963.88034,964.88762,[164.07]-FDSFGDL,FDSFGDL,False,+b7(18),7
1,b,0,7,False,1,0,[164.07]-FDSFGDLSSASAIM[16]GNPK,947.89628,946.88901,947.89628,[164.07]-FDSFGDL,FDSFGDL,False,+b7*,7
1,b,0,7,False,1,18,[164.07]-FDSFGDLSSASAIM[16]GNPK,965.89628,964.88901,965.89628,[164.07]-FDSFGDL,FDSFGDL,False,+b7(18)*,7
1,b,0,6,False,0,0,[164.07]-FDSFGDLSSASAIM[16]GNPK,833.72975,832.72247,833.72975,[164.07]-FDSFGD,FDSFGD,False,+b6,6
1,b,0,6,False,0,18,[164.07]-FDSFGDLSSASAIM[16]GNPK,851.72975,850.72247,851.72975,[164.07]-FDSFGD,FDSFGD,False,+b6(18),6
1,b,0,6,False,1,0,[164.07]-FDSFGDLSSASAIM[16]GNPK,834.73841,833.73113,834.73841,[164.07]-FDSFGD,FDSFGD,False,+b6*,6
1,b,0,6,False,1,18,[164.07]-FDSFGDLSSASAIM[16]GNPK,852.73841,851.73113,852.73841,[164.07]-FDSFGD,FDSFGD,False,+b6(18)*,6
1,b,0,5,False,0,0,[164.07]-FDSFGDLSSASAIM[16]GNPK,718.64218,717.6349,718.64218,[164.07]-FDSFG,FDSFG,False,+b5,5
1,b,0,5,False,0,18,[164.07]-FDSFGDLSSASAIM[16]GNPK,736.64218,735.6349,736.64218,[164.07]-FDSFG,FDSFG,False,+b5(18),5
1,b,0,5,False,1,0,[164.07]-FDSFGDLSSASAIM[16]GNPK,719.65085,718.64357,719.65085,[164.07]-FDSFG,FDSFG,False,+b5*,5
1,b,0,5,False,1,18,[164.07]-FDSFGDLSSASAIM[16]GNPK,737.65085,736.64357,737.65085,[164.07]-FDSFG,FDSFG,False,+b5(18)*,5
1,b,0,4,False,0,0,[164.07]-FDSFGDLSSASAIM[16]GNPK,661.59078,660.5835,661.59078,[164.07]-FDSF,FDSF,False,+b4,4
1,b,0,4,False,0,18,[164.07]-FDSFGDLSSASAIM[16]GNPK,679.59078,678.5835,679.59078,[164.07]-FDSF,FDSF,False,+b4(18),4
1,b,0,4,False,1,0,[164.07]-FDSFGDLSSASAIM[16]GNPK,662.59944,661.59217,662.59944,[164.07]-FDSF,FDSF,False,+b4*,4
1,b,0,4,False,1,18,[164.07]-FDSFGDLSSASAIM[16]GNPK,680.59944,679.59217,680.59944,[164.07]-FDSF,FDSF,False,+b4(18)*,4
1,b,0,3,False,0,0,[164.07]-FDSFGDLSSASAIM[16]GNPK,514.41658,513.4093,514.41658,[164.07]-FDS,FDS,False,+b3,3
1,b,0,3,False,0,18,[164.07]-FDSFGDLSSASAIM[16]GNPK,532.41658,531.4093,532.41658,[164.07]-FDS,FDS,False,+b3(18),3
1,b,0,3,False,1,0,[164.07]-FDSFGDLSSASAIM[16]GNPK,515.42524,514.41797,515.42524,[164.07]-FDS,FDS,False,+b3*,3
1,b,0,3,False,1,18,[164.07]-FDSFGDLSSASAIM[16]GNPK,533.42524,532.41797,533.42524,[164.07]-FDS,FDS,False,+b3(18)*,3
1,b,0,2,False,0,0,[164.07]-FDSFGDLSSASAIM[16]GNPK,427.33916,426.33188,427.33916,[164.07]-FD,FD,False,+b2,2
1,b,0,2,False,0,18,[164.07]-FDSFGDLSSASAIM[16]GNPK,445.33916,444.33188,445.33916,[164.07]-FD,FD,False,+b2(18),2
1,b,0,2,False,1,0,[164.07]-FDSFGDLSSASAIM[16]GNPK,428.34782,427.34054,428.34782,[164.07]-FD,FD,False,+b2*,2
1,b,0,2,False,1,18,[164.07]-FDSFGDLSSASAIM[16]GNPK,446.34782,445.34054,446.34782,[164.07]-FD,FD,False,+b2(18)*,2
1,b,0,1,False,0,0,[164.07]-FDSFGDLSSASAIM[16]GNPK,312.25159,311.24431,312.25159,[164.07]-F,F,False,+b1,1
1,b,0,1,False,0,18,[164.07]-FDSFGDLSSASAIM[16]GNPK,330.25159,329.24431,330.25159,[164.07]-F,F,False,+b1(18),1
1,b,0,1,False,1,0,[164.07]-FDSFGDLSSASAIM[16]GNPK,313.26026,312.25298,313.26026,[164.07]-F,F,False,+b1*,1
1,b,0,1,False,1,18,[164.07]-FDSFGDLSSASAIM[16]GNPK,331.26026,330.25298,331.26026,[164.07]-F,F,False,+b1(18)*,1
1,y,0,18,False,0,0,[164.07]-FDSFGDLSSASAIM[16]GNPK,2025.08723,2024.07995,2025.08723,[164.07]-FDSFGDLSSASAIM[16]GNPK,FDSFGDLSSASAIMGNPK,False,+y18,18
1,y,0,18,False,0,18,[164.07]-FDSFGDLSSASAIM[16]GNPK,2043.08723,2042.07995,2043.08723,[164.07]-FDSFGDLSSASAIM[16]GNPK,FDSFGDLSSASAIMGNPK,False,+y18(18),18
1,y,0,18,False,1,0,[164.07]-FDSFGDLSSASAIM[16]GNPK,2026.09589,2025.08861,2026.09589,[164.07]-FDSFGDLSSASAIM[16]GNPK,FDSFGDLSSASAIMGNPK,False,+y18*,18
1,y,0,18,False,1,18,[164.07]-FDSFGDLSSASAIM[16]GNPK,2044.09589,2043.08861,2044.09589,[164.07]-FDSFGDLSSASAIM[16]GNPK,FDSFGDLSSASAIMGNPK,False,+y18(18)*,18
1,y,1,18,False,0,0,[164.07]-FDSFGDLSSASAIM[16]GNPK,1713.84303,1712.83575,1713.84303,DSFGDLSSASAIM[16]GNPK,DSFGDLSSASAIMGNPK,False,+y17,17
1,y,1,18,False,0,18,[164.07]-FDSFGDLSSASAIM[16]GNPK,1731.84303,1730.83575,1731.84303,DSFGDLSSASAIM[16]GNPK,DSFGDLSSASAIMGNPK,False,+y17(18),17
1,y,1,18,False,1,0,[164.07]-FDSFGDLSSASAIM[16]GNPK,1714.85169,1713.84442,1714.85169,DSFGDLSSASAIM[16]GNPK,DSFGDLSSASAIMGNPK,False,+y17*,17
1,y,1,18,False,1,18,[164.07]-FDSFGDLSSASAIM[16]GNPK,1732.85169,1731.84442,1732.85169,DSFGDLSSASAIM[16]GNPK,DSFGDLSSASAIMGNPK,False,+y17(18)*,17
1,y,2,18,False,0,0,[164.07]-FDSFGDLSSASAIM[16]GNPK,1598.75546,1597.74819,1598.75546,SFGDLSSASAIM[16]GNPK,SFGDLSSASAIMGNPK,False,+y16,16
1,y,2,18,False,0,18,[164.07]-FDSFGDLSSASAIM[16]GNPK,1616.75546,1615.74819,1616.75546,SFGDLSSASAIM[16]GNPK,SFGDLSSASAIMGNPK,False,+y16(18),16
1,y,2,18,False,1,0,[164.07]-FDSFGDLSSASAIM[16]GNPK,1599.76413,1598.75685,1599.76413,SFGDLSSASAIM[16]GNPK,SFGDLSSASAIMGNPK,False,+y16*,16
1,y,2,18,False,1,18,[164.07]-FDSFGDLSSASAIM[16]GNPK,1617.76413,1616.75685,1617.76413,SFGDLSSASAIM[16]GNPK,SFGDLSSASAIMGNPK,False,+y16(18)*,16
1,y,3,18,False,0,0,[164.07]-FDSFGDLSSASAIM[16]GNPK,1511.67804,1510.67076,1511.67804,FGDLSSASAIM[16]GNPK,FGDLSSASAIMGNPK,False,+y15,15
1,y,3,18,False,0,18,[164.07]-FDSFGDLSSASAIM[16]GNPK,1529.67804,1528.67076,1529.67804,FGDLSSASAIM[16]GNPK,FGDLSSASAIMGNPK,False,+y15(18),15
1,y,3,18,False,1,0,[164.07]-FDSFGDLSSASAIM[16]GNPK,1512.6867,1511.67943,1512.6867,FGDLSSASAIM[16]GNPK,FGDLSSASAIMGNPK,False,+y15*,15
1,y,3,18,False,1,18,[164.07]-FDSFGDLSSASAIM[16]GNPK,1530.6867,1529.67943,1530.6867,FGDLSSASAIM[16]GNPK,FGDLSSASAIMGNPK,False,+y15(18)*,15
1,y,4,18,False,0,0,[164.07]-FDSFGDLSSASAIM[16]GNPK,1364.50384,1363.49656,1364.50384,GDLSSASAIM[16]GNPK,GDLSSASAIMGNPK,False,+y14,14
1,y,4,18,False,0,18,[164.07]-FDSFGDLSSASAIM[16]GNPK,1382.50384,1381.49656,1382.50384,GDLSSASAIM[16]GNPK,GDLSSASAIMGNPK,False,+y14(18),14
1,y,4,18,False,1,0,[164.07]-FDSFGDLSSASAIM[16]GNPK,1365.5125,1364.50523,1365.5125,GDLSSASAIM[16]GNPK,GDLSSASAIMGNPK,False,+y14*,14
1,y,4,18,False,1,18,[164.07]-FDSFGDLSSASAIM[16]GNPK,1383.5125,1382.50523,1383.5125,GDLSSASAIM[16]GNPK,GDLSSASAIMGNPK,False,+y14(18)*,14
1,y,5,18,False,0,0,[164.07]-FDSFGDLSSASAIM[16]GNPK,1307.45244,1306.44516,1307.45244,DLSSASAIM[16]GNPK,DLSSASAIMGNPK,False,+y13,13
1,y,5,18,False,0,18,[164.07]-FDSFGDLSSASAIM[16]GNPK,1325.45244,1324.44516,1325.45244,DLSSASAIM[16]GNPK,DLSSASAIMGNPK,False,+y13(18),13
1,y,5,18,False,1,0,[164.07]-FDSFGDLSSASAIM[16]GNPK,1308.4611,1307.45383,1308.4611,DLSSASAIM[16]GNPK,DLSSASAIMGNPK,False,+y13*,13
1,y,5,18,False,1,18,[164.07]-FDSFGDLSSASAIM[16]GNPK,1326.4611,1325.45383,1326.4611,DLSSASAIM[16]GNPK,DLSSASAIMGNPK,False,+y13(18)*,13
1,y,6,18,False,0,0,[164.07]-FDSFGDLSSASAIM[16]GNPK,1192.36487,1191.3576,1192.36487,LSSASAIM[16]GNPK,LSSASAIMGNPK,False,+y12,12
1,y,6,18,False,0,18,[164.07]-FDSFGDLSSASAIM[16]GNPK,1210.36487,1209.3576,1210.36487,LSSASAIM[16]GNPK,LSSASAIMGNPK,False,+y12(18),12
1,y,6,18,False,1,0,[164.07]-FDSFGDLSSASAIM[16]GNPK,1193.37354,1192.36626,1193.37354,LSSASAIM[16]GNPK,LSSASAIMGNPK,False,+y12*,12
1,y,6,18,False,1,18,[164.07]-FDSFGDLSSASAIM[16]GNPK,1211.37354,1210.36626,1211.37354,LSSASAIM[16]GNPK,LSSASAIMGNPK,False,+y12(18)*,12
1,y,7,18,False,0,0,[164.07]-FDSFGDLSSASAIM[16]GNPK,1079.207,1078.19972,1079.207,SSASAIM[16]GNPK,SSASAIMGNPK,False,+y11,11
1,y,7,18,False,0,18,[164.07]-FDSFGDLSSASAIM[16]GNPK,1097.207,1096.19972,1097.207,SSASAIM[16]GNPK,SSASAIMGNPK,False,+y11(18),11
1,y,7,18,False,1,0,[164.07]-FDSFGDLSSASAIM[16]GNPK,1080.21567,1079.20839,1080.21567,SSASAIM[16]GNPK,SSASAIMGNPK,False,+y11*,11
1,y,7,18,False,1,18,[164.07]-FDSFGDLSSASAIM[16]GNPK,1098.21567,1097.20839,1098.21567,SSASAIM[16]GNPK,SSASAIMGNPK,False,+y11(18)*,11
1,y,8,18,False,0,0,[164.07]-FDSFGDLSSASAIM[16]GNPK,992.12958,991.1223,992.12958,SASAIM[16]GNPK,SASAIMGNPK,False,+y10,10
1,y,8,18,False,0,18,[164.07]-FDSFGDLSSASAIM[16]GNPK,1010.12958,1009.1223,1010.12958,SASAIM[16]GNPK,SASAIMGNPK,False,+y10(18),10
1,y,8,18,False,1,0,[164.07]-FDSFGDLSSASAIM[16]GNPK,993.13824,992.13096,993.13824,SASAIM[16]GNPK,SASAIMGNPK,False,+y10*,10
1,y,8,18,False,1,18,[164.07]-FDSFGDLSSASAIM[16]GNPK,1011.13824,1010.13096,1011.13824,SASAIM[16]GNPK,SASAIMGNPK,False,+y10(18)*,10
1,y,9,18,False,0,0,[164.07]-FDSFGDLSSASAIM[16]GNPK,905.05215,904.04487,905.05215,ASAIM[16]GNPK,ASAIMGNPK,False,+y9,9
1,y,9,18,False,0,18,[164.07]-FDSFGDLSSASAIM[16]GNPK,923.05215,922.04487,923.05215,ASAIM[16]GNPK,ASAIMGNPK,False,+y9(18),9
1,y,9,18,False,1,0,[164.07]-FDSFGDLSSASAIM[16]GNPK,906.06082,905.05354,906.06082,ASAIM[16]GNPK,ASAIMGNPK,False,+y9*,9
1,y,9,18,False,1,18,[164.07]-FDSFGDLSSASAIM[16]GNPK,924.06082,923.05354,924.06082,ASAIM[16]GNPK,ASAIMGNPK,False,+y9(18)*,9
1,y,10,18,False,0,0,[164.07]-FDSFGDLSSASAIM[16]GNPK,833.97413,832.96686,833.97413,SAIM[16]GNPK,SAIMGNPK,False,+y8,8
1,y,10,18,False,0,18,[164.07]-FDSFGDLSSASAIM[16]GNPK,851.97413,850.96686,851.97413,SAIM[16]GNPK,SAIMGNPK,False,+y8(18),8
1,y,10,18,False,1,0,[164.07]-FDSFGDLSSASAIM[16]GNPK,834.9828,833.97552,834.9828,SAIM[16]GNPK,SAIMGNPK,False,+y8*,8
1,y,10,18,False,1,18,[164.07]-FDSFGDLSSASAIM[16]GNPK,852.9828,851.97552,852.9828,SAIM[16]GNPK,SAIMGNPK,False,+y8(18)*,8
1,y,11,18,False,0,0,[164.07]-FDSFGDLSSASAIM[16]GNPK,746.89671,745.88943,746.89671,AIM[16]GNPK,AIMGNPK,False,+y7,7
1,y,11,18,False,0,18,[164.07]-FDSFGDLSSASAIM[16]GNPK,764.89671,763.88943,764.89671,AIM[16]GNPK,AIMGNPK,False,+y7(18),7
1,y,11,18,False,1,0,[164.07]-FDSFGDLSSASAIM[16]GNPK,747.90537,746.8981,747.90537,AIM[16]GNPK,AIMGNPK,False,+y7*,7
1,y,11,18,False,1,18,[164.07]-FDSFGDLSSASAIM[16]GNPK,765.90537,764.8981,765.90537,AIM[16]GNPK,AIMGNPK,False,+y7(18)*,7
1,y,12,18,False,0,0,[164.07]-FDSFGDLSSASAIM[16]GNPK,675.81869,674.81141,675.81869,IM[16]GNPK,IMGNPK,False,+y6,6
1,y,12,18,False,0,18,[164.07]-FDSFGDLSSASAIM[16]GNPK,693.81869,692.81141,693.81869,IM[16]GNPK,IMGNPK,False,+y6(18),6
1,y,12,18,False,1,0,[164.07]-FDSFGDLSSASAIM[16]GNPK,676.82735,675.82008,676.82735,IM[16]GNPK,IMGNPK,False,+y6*,6
1,y,12,18,False,1,18,[164.07]-FDSFGDLSSASAIM[16]GNPK,694.82735,693.82008,694.82735,IM[16]GNPK,IMGNPK,False,+y6(18)*,6
1,y,13,18,False,0,0,[164.07]-FDSFGDLSSASAIM[16]GNPK,562.66082,561.65354,562.66082,M[16]GNPK,MGNPK,False,+y5,5
1,y,13,18,False,0,18,[164.07]-FDSFGDLSSASAIM[16]GNPK,580.66082,579.65354,580.66082,M[16]GNPK,MGNPK,False,+y5(18),5
1,y,13,18,False,1,0,[164.07]-FDSFGDLSSASAIM[16]GNPK,563.66948,562.6622,563.66948,M[16]GNPK,MGNPK,False,+y5*,5
1,y,13,18,False,1,18,[164.07]-FDSFGDLSSASAIM[16]GNPK,581.66948,580.6622,581.66948,M[16]GNPK,MGNPK,False,+y5(18)*,5
1,y,14,18,False,0,0,[164.07]-FDSFGDLSSASAIM[16]GNPK,415.46477,414.4575,415.46477,GNPK,GNPK,False,+y4,4
1,y,14,18,False,0,18,[164.07]-FDSFGDLSSASAIM[16]GNPK,433.46477,432.4575,433.46477,GNPK,GNPK,False,+y4(18),4
1,y,14,18,False,1,0,[164.07]-FDSFGDLSSASAIM[16]GNPK,416.47344,415.46616,416.47344,GNPK,GNPK,False,+y4*,4
1,y,14,18,False,1,18,[164.07]-FDSFGDLSSASAIM[16]GNPK,434.47344,433.46616,434.47344,GNPK,GNPK,False,+y4(18)*,4
1,y,15,18,False,0,0,[164.07]-FDSFGDLSSASAIM[16]GNPK,358.41337,357.4061,358.41337,NPK,NPK,False,+y3,3
1,y,15,18,False,0,18,[164.07]-FDSFGDLSSASAIM[16]GNPK,376.41337,375.4061,376.41337,NPK,NPK,False,+y3(18),3
1,y,15,18,False,1,0,[164.07]-FDSFGDLSSASAIM[16]GNPK,359.42204,358.41476,359.42204,NPK,NPK,False,+y3*,3
1,y,15,18,False,1,18,[164.07]-FDSFGDLSSASAIM[16]GNPK,377.42204,376.41476,377.42204,NPK,NPK,False,+y3(18)*,3
1,y,16,18,False,0,0,[164.07]-FDSFGDLSSASAIM[16]GNPK,244.31057,243.30329,244.31057,PK,PK,False,+y2,2
1,y,16,18,False,0,18,[164.07]-FDSFGDLSSASAIM[16]GNPK,262.31057,261.30329,262.31057,PK,PK,False,+y2(18),2
1,y,16,18,False,1,0,[164.07]-FDSFGDLSSASAIM[16]GNPK,245.31923,244.31196,245.31923,PK,PK,False,+y2*,2
1,y,16,18,False,1,18,[164.07]-FDSFGDLSSASAIM[16]GNPK,263.31923,262.31196,263.31923,PK,PK,False,+y2(18)*,2
1,y,17,18,False,0,0,[164.07]-FDSFGDLSSASAIM[16]GNPK,147.19519,146.18792,147.19519,K,K,False,+y1,1
1,y,17,18,False,0,18,[164.07]-FDSFGDLSSASAIM[16]GNPK,165.19519,164.18792,165.19519,K,K,False,+y1(18),1
1,y,17,18,False,1,0,[164.07]-FDSFGDLSSASAIM[16]GNPK,148.20386,147.19658,148.20386,K,K,False,+y1*,1
1,y,17,18,False,1,18,[164.07]-FDSFGDLSSASAIM[16]GNPK,166.20386,165.19658,166.20386,K,K,False,+y1(18)*,1
